番号,1018
名前,[ザ・ペーパー]読子・リードマン
呼び名,読子
CSTR,出演作品,R.O.Dシリーズ
フラグ,招待不可フラグ,3
基礎,体力,1200
基礎,勃起,1500
基礎,ムード,1500
基礎,理性,1000
基礎,怒り,1000
 
 
基礎,身長,1555
基礎,バスト,860
基礎,ウエスト,590
基礎,ヒップ,870
 
{
CSTR,知識素質設定,
性知識Lv2
調合知識Lv0
魔法知識Lv0
機械知識Lv0
錬金知識Lv0
魔物知識Lv0
絵師Lv0
高貴Lv0
釣り好きLv0
踊り子Lv0
歌唱技能Lv0
料理人Lv0
}
 
{
CSTR,性癖素質設定,
野外オナニーLv0
逆アナルLv0
搾乳プレイLv0
触手プレイLv0
精飲Lv0
膣内射精Lv0
腸内射精Lv0
同性愛Lv0
}

;-------------------------------------------------------------------------------------------
;プレゼント好み
;・カテゴリ一覧
;食べ物,酒,宝石,アクセサリ,実用品,本,花,その他
;複数好みにする場合は「食べ物_酒」のように記述すること
;-------------------------------------------------------------------------------------------
CSTR,プレゼント好み,本
 
素質,種族,1
素質,性別,1
素質,処女,0
素質,Ａ処女,1
素質,非童貞,0
素質,バストサイズ,1
素質,態度,-1
素質,応答,-1
素質,会話資質,-1
素質,精神的余裕,2
素質,自制心,1
素質,感情的,-1
素質,習得速度,2
素質,器用な指,1
素質,芸達者,1
素質,恋人持ち,-1
素質,体格,0
素質,体型,-1
素質,男性器サイズ,0
能力,Ｃ感覚,1
能力,Ｖ感覚,1
能力,技巧,1
経験,Ｃ経験,5
経験,Ｖ経験,5
経験,Ｃ絶頂経験,5
経験,Ｖ絶頂経験,5
経験,Ｖ性交経験,5
経験,自慰経験,10
経験,キス経験,10
経験,戦闘経験,15
 
{
CSTR,戦闘基礎ステータス設定,
属性_風
得意武器_杖
初期ステータスタイプ_サポート
}
 
CSTR,服名称,大英図書館制式制服
装着物,上半身鎧あり,0
装着物,上半身服あり,1
装着物,脇出し,0
装着物,へそ出し,0
装着物,はだけ可,0
装着物,手差し込み可,0
装着物,パイズリ可,0
装着物,上タイツあり,0
装着物,上半身下着あり,1
装着物,上半身下着抜き取り可,0
装着物,下腹部後鎧あり,0
装着物,下腹部前鎧あり,0
装着物,下半身服あり,1
装着物,スカートめくり可,0
装着物,ずらし可,0
装着物,下タイツあり,0
装着物,下半身下着あり,1
装着物,下半身下着抜き取り可,1
装着物,上下一体服,0
装着物,上下一体タイツ,0
装着物,上タイツ破れ,0
装着物,下タイツ破れ,0
