1,関係性
2,友情度
7,服装

15,ローター挿入
16,ローターA挿入

20,性欲
21,好感度レベル
22,恋慕度
23,恋慕レベル
24,屈服度
25,屈服レベル
26,快楽堕ち度
27,快楽堕ちレベル

;0:追加ゲージなし（好感度のみ）
;1:恋慕ゲージあり（好感度＋恋慕）
;2:弱み状態（好感度＋屈服＋快楽堕ち）
30,ゲージ起動分類
31,お願いックス回数
32,お願いックス蓄積値


284,勃起度
285,勃起度２

300,現在位置
301,前ターン位置
313,睡眠
314,起床時間
315,就寝時間
316,衰弱
317,うふふ
318,怒り
319,同室
320,同行
321,飲み会
322,不機嫌
323,風呂
324,情事目撃
325,隠密
326,オナニー覚えたて
327,発情期フラグ
	;エルーンの発情期を管理するフラグ
328,招待不可フラグ
	;ここに数値が入ってると招待対象として選ばれない
329,ZPショップ値段
330,現在マップ種別
331,前マップ種別
332,快楽計算フラグ
333,信頼度
334,恋心度
335,性愛度
336,キャラ固有好感度

400,滞在期間
401,よく行く場所
402,オート喘ぎ
403,長期雇用

410,起床時間
411,就寝時間
412,酔いすぎ

;0以外ならワンピース水着、0ならビキニ、後々追加するかも
420,水着

;妊娠関係
501,妊娠経過日
502,産後経過日
503,危険日
504,子の父親
505,妊娠前体力
506,妊娠前気力
507,妊娠疲労フラグ
508,MASTERの子供妊娠回数
509,妊娠時バストサイズ増加
510,妊娠発覚