;快感経験
0,Ｃ経験
1,Ｖ経験
2,Ａ経験
3,Ｂ経験
4,Ｓ経験

5,Ｃ絶頂経験
6,Ｖ絶頂経験
7,Ａ絶頂経験
8,Ｂ絶頂経験
9,Ｓ絶頂経験

;絶頂経験
10,絶頂経験
11,射精経験
12,噴乳経験
13,放尿経験
14,精液経験
15,精飲経験
16,露出絶頂経験
17,苦痛絶頂経験
18,嗜虐絶頂経験
19,奉仕絶頂経験
52,道具絶頂経験
47,触手絶頂経験
49,精飲絶頂経験
57,膣内射精絶頂経験
58,腸内射精絶頂経験

;行動経験
20,Ｖ性交経験
21,Ａ性交経験
22,自慰経験
23,調教自慰経験
34,野外オナニー経験
24,手淫経験
25,口淫経験
26,パイズリ経験
27,キス経験
28,道具使用経験
29,Ｃ性交経験_Ｖ挿入
35,Ｃ性交経験_Ａ挿入
30,妊娠経験
31,出産経験
32,孕ませ経験
33,触手操作経験
36,ダウン経験
37,夜這い経験
38,寝取られ経験
39,貸出経験
61,売春経験
62,買春経験

;精神経験
40,奉仕快楽経験
41,愛情経験
42,苦痛快楽経験
43,嗜虐快楽経験
44,道具快楽経験
45,露出快楽経験
46,触手快楽経験
48,精飲快楽経験
59,搾乳快楽経験

;調教経験
50,調教経験
51,同性愛経験
53,子宮姦経験
54,Ｖ拡張経験
55,Ａ拡張経験
56,緊縛経験
60,首絞め絶頂経験

;その他
70,清掃経験
71,会話経験
72,撮影経験
73,被写経験
74,戦闘経験
75,学習経験
76,料理経験
77,釣り経験
78,飲酒経験
79,卓球経験
81,ギャンブル経験

80,探索経験
82,同行勝利経験

;部位開発経験
89,肉体熟知
90,乳首開発
91,Ｇスポ開発
92,ポルチオ開発
93,前立腺開発
94,Ｓ字結腸開発
95,角開発
96,尻尾開発

